Name,Handle,Timestamp,Content
Alparslan Bayraktar,@aBayraktar1,2024-02-02T11:25:32.000Z,"DÃ¼ÅŸÃ¼nce ve edebiyat dÃ¼nyamÄ±zÄ±n deÄŸerli ismi SayÄ±n Alev AlatlÄ±'nÄ±n vefatÄ±nÄ± Ã¼zÃ¼ntÃ¼yle Ã¶ÄŸrendim. Kendisine Allah'tan rahmet, yakÄ±nlarÄ±na ve sevenlerine sabÄ±rlar diliyorum.

MekanÄ± cennet olsun."
Alparslan Bayraktar,@aBayraktar1,2024-02-01T18:00:06.000Z,"CumhurbaÅŸkanÄ±mÄ±z SayÄ±n â€™Ä±n Nijer BaÅŸbakanÄ± SayÄ±n Ali Mahamane Lamine Zeineâ€™i kabulÃ¼ne eÅŸlik ettik.

TÃ¼rkiye ve Nijer arasÄ±ndaki iÅŸ birliklerinin enerji ve maden alanlarÄ±nda da geliÅŸtirilmesini hedefliyoruz."
Alparslan Bayraktar,@aBayraktar1,2024-01-31T17:44:23.000Z,
Alparslan Bayraktar,@aBayraktar1,2024-01-31T12:24:45.000Z,
Alparslan Bayraktar,@aBayraktar1,2024-01-31T08:30:32.000Z,"Karakas temaslarÄ±mÄ±z kapsamÄ±nda Venezuela CumhurbaÅŸkanÄ± BaÅŸyardÄ±mcÄ±sÄ± SayÄ±n Delcy Rodriguez ile de verimli bir gÃ¶rÃ¼ÅŸme gerÃ§ekleÅŸtirdik.

Venezuela ile enerji ve madencilik alanÄ±ndaki iÅŸ birliklerimizi gÃ¼Ã§lendirmek iÃ§in atÄ±labilecek adÄ±mlarÄ± ele aldÄ±k."
Alparslan Bayraktar,@aBayraktar1,2024-01-31T06:00:10.000Z,
Alparslan Bayraktar,@aBayraktar1,2024-01-30T17:46:29.000Z,"Petrol ve doÄŸal gaz arama, Ã¼retim, ticaret ve servis hizmetleri alanlarÄ±nda geliÅŸtirebileceÄŸimiz iÅŸ birliklerini deÄŸerlendirmek Ã¼zere geldiÄŸimiz Venezuela'nÄ±n baÅŸkenti Karakas'ta ilk olarak Venezuela Petrol BakanÄ± SayÄ±n Pedro Rafael Tellechea Ruiz ile bir araya geldik."
Alparslan Bayraktar,@aBayraktar1,2024-01-30T11:18:57.000Z,
Alparslan Bayraktar,@aBayraktar1,2024-01-29T10:50:00.000Z,
T.C. Adalet BakanlÄ±ÄŸÄ±,@adalet_bakanlik,2024-01-30T13:02:47.000Z,"Adalet BakanÄ±mÄ±z SayÄ±n YÄ±lmaz TunÃ§, HSK TeftiÅŸ Kurulu BaÅŸkanlÄ±ÄŸÄ± YÄ±l Sonu DeÄŸerlendirme ToplantÄ±sÄ±'na katÄ±ldÄ±. https://adalet.gov.tr/bakan-tunc-hsk-teftis-kurulu-baskanligi-yil-sonu-degerlendirme-toplantisina-katildi_93804â€¦"
T.C. Adalet BakanlÄ±ÄŸÄ±,@adalet_bakanlik,2024-01-30T07:35:11.000Z,"#CanlÄ± YayÄ±n Adalet BakanÄ±mÄ±z SayÄ±n YÄ±lmaz TunÃ§, HSK TeftiÅŸ Kurulu BaÅŸkanlÄ±ÄŸÄ± DeÄŸerlendirme ToplantÄ±sÄ±'nda konuÅŸuyor. Antalya"
T.C. Adalet BakanlÄ±ÄŸÄ±,@adalet_bakanlik,2024-01-25T11:33:50.000Z,"Adalet BakanÄ±mÄ±z SayÄ±n YÄ±lmaz TunÃ§, â€˜Yeni Anayasa Genel DeÄŸerlendirme Ã‡alÄ±ÅŸtayÄ±â€™na katÄ±ldÄ±. https://adalet.gov.tr/adalet-bakani-yilmaz-tunc-yeni-anayasa-genel-degerlendirme-calistayi-nda-konustuâ€¦"
T.C. Adalet BakanlÄ±ÄŸÄ±,@adalet_bakanlik,2024-01-25T08:03:54.000Z,"#CanlÄ± YayÄ±n Adalet BakanÄ±mÄ±z SayÄ±n YÄ±lmaz TunÃ§, Yeni Anayasa Genel DeÄŸerlendirme Ã‡alÄ±ÅŸtayÄ±'nda konuÅŸuyor."
T.C. Adalet BakanlÄ±ÄŸÄ±,@adalet_bakanlik,2024-01-24T13:18:16.000Z,"Adalet BakanÄ±mÄ±z SayÄ±n YÄ±lmaz TunÃ§, Ä°stanbul Beykent Ãœniversitesi Start-Up Hukuk KulÃ¼bÃ¼, Beykent Hukuk KulÃ¼bÃ¼ ve UluslararasÄ± Hukuk KulÃ¼bÃ¼ Ã¶ÄŸrencilerini, BakanlÄ±ÄŸÄ±mÄ±zda kabul etti."
T.C. Adalet BakanlÄ±ÄŸÄ±,@adalet_bakanlik,2024-01-23T11:59:09.000Z,"#CanlÄ± YayÄ±n Adalet BakanÄ±mÄ±z SayÄ±n YÄ±lmaz TunÃ§, 'Ombudsman BartÄ±nlÄ±larla BuluÅŸuyor' toplantÄ±sÄ±nda konuÅŸuyor.#BartÄ±n"
Abdulkadir URALOÄLU,@a_uraloglu,2024-02-02T14:31:58.000Z,
Abdulkadir URALOÄLU,@a_uraloglu,2024-02-02T11:41:08.000Z,
Abdulkadir URALOÄLU,@a_uraloglu,2024-02-02T10:07:10.000Z,
Abdulkadir URALOÄLU,@a_uraloglu,2024-02-02T09:09:41.000Z,#CanlÄ± | Irak UlaÅŸtÄ±rma BakanÄ± Rezzak Muheybes es-Sadavi ile gÃ¶rÃ¼ÅŸme sonrasÄ± KalkÄ±nma Yolu ile ilgili basÄ±n aÃ§Ä±klamasÄ±
Abdulkadir URALOÄLU,@a_uraloglu,2024-02-02T06:51:05.000Z,
Abdulkadir URALOÄLU,@a_uraloglu,2024-02-01T15:54:10.000Z,"Keyifle seyahat eden, metrodan dolayÄ± memnuniyetini ifade eden gÃ¼len yÃ¼zleri gÃ¶rdÃ¼kÃ§e mutlu olduk, gururlandÄ±k!

""Gayrettepe â€“ KÃ¢ÄŸÄ±thane- Ä°stanbul HavalimanÄ±"" Metro HattÄ±... #TÃ¼rkiyeHÄ±zlanÄ±yor "
Abdulkadir URALOÄLU,@a_uraloglu,2024-02-01T15:12:14.000Z,
Abdulkadir URALOÄLU,@a_uraloglu,2024-02-01T08:30:38.000Z,"TÃ¼rkiye'nin ""BarÄ±ÅŸ Abi""si...

BarÄ±ÅŸ ManÃ§o'yu vefatÄ±nÄ±n 25. yÄ±l dÃ¶nÃ¼mÃ¼nde Ã¶zlem ve rahmetle anÄ±yorum."
Abdulkadir URALOÄLU,@a_uraloglu,2024-02-01T07:47:18.000Z,TÃ¼rkiye'nin dostu Ukrayna'nÄ±n yeniden inÅŸasÄ±nda desteÄŸimizi sÃ¼rdÃ¼receÄŸiz.
Abdulkadir URALOÄLU,@a_uraloglu,2024-01-31T17:58:03.000Z,"BÃ¼yÃ¼k ve gÃ¼Ã§lÃ¼ TÃ¼rkiyeâ€™nin eseri; Filyos LimanÄ± Karadeniz'in geliÅŸimine katkÄ± saÄŸlayan enerji ve lojistik Ã¼ssÃ¼...

Dev Projelerle#TÃ¼rkiyeHÄ±zlanÄ±yor "
Abdulkadir URALOÄLU,@a_uraloglu,2024-01-31T16:55:58.000Z,"AK Parti Ä°stanbul Ä°l BaÅŸkanlÄ±ÄŸÄ±mÄ±zÄ± ziyaret ettik.

AK Parti Ä°stanbul Ä°l BaÅŸkanÄ±mÄ±z Sn.  ve Ã¶nceki dÃ¶nem Ä°Ã§iÅŸleri BakanÄ±mÄ±z ve AK Parti Ä°stanbul Milletvekilimiz Sn.  ile bir araya geldik.#YenidenÄ°stanbul#TÃ¼rkiyeHÄ±zlanÄ±yor "
"T.C. Ã‡evre, Åehircilik ve Ä°klim DÄŸÅŸ. BakanlÄ±ÄŸÄ±",@csbgovtr,2024-02-02T09:16:10.000Z,Mehmet Karamercan KÃ¼tÃ¼phanesi ve 100 Apartmana 100 KÃ¼tÃ¼phane AÃ§Ä±lÄ±ÅŸ TÃ¶reni Kayseri
"T.C. Ã‡evre, Åehircilik ve Ä°klim DÄŸÅŸ. BakanlÄ±ÄŸÄ±",@csbgovtr,2024-02-02T06:32:34.000Z,"Deprem bÃ¶lgesindeki yarÄ±yÄ±l etkinliklerimize devam ediyoruz. Haydi Ã§ocuklar, sizi de bekliyoruzâ€¦"
"T.C. Ã‡evre, Åehircilik ve Ä°klim DÄŸÅŸ. BakanlÄ±ÄŸÄ±",@csbgovtr,2024-02-02T09:16:10.000Z,Mehmet Karamercan KÃ¼tÃ¼phanesi ve 100 Apartmana 100 KÃ¼tÃ¼phane AÃ§Ä±lÄ±ÅŸ TÃ¶reni Kayseri
T.C. Ã‡alÄ±ÅŸma ve Sosyal GÃ¼venlik BakanlÄ±ÄŸÄ±,@csgbakanligi,2023-06-08T15:58:37.000Z,DUYURU !
T.C. Ã‡alÄ±ÅŸma ve Sosyal GÃ¼venlik BakanlÄ±ÄŸÄ±,@csgbakanligi,2024-02-01T15:46:40.000Z,BakanÄ±mÄ±z  â€™Ä±n TÃ¼rkiye Emekliler DerneÄŸi Ziyareti#EmeklilerYÄ±lÄ±
T.C. Ã‡alÄ±ÅŸma ve Sosyal GÃ¼venlik BakanlÄ±ÄŸÄ±,@csgbakanligi,2024-01-29T17:35:49.000Z,Kamu Toplu Ä°ÅŸ SÃ¶zleÅŸmeleri Ek Ã‡erÃ§eve AnlaÅŸma ProtokolÃ¼ Ä°mzalandÄ±https://csgb.gov.tr/haberler/kamu-toplu-is-sozlesmeleri-ek-cerceve-anlasma-protokolu-imzalandi/â€¦
T.C. Ã‡alÄ±ÅŸma ve Sosyal GÃ¼venlik BakanlÄ±ÄŸÄ±,@csgbakanligi,2023-06-08T15:58:37.000Z,DUYURU !
T.C. Ã‡alÄ±ÅŸma ve Sosyal GÃ¼venlik BakanlÄ±ÄŸÄ±,@csgbakanligi,2024-02-01T15:46:40.000Z,BakanÄ±mÄ±z  â€™Ä±n TÃ¼rkiye Emekliler DerneÄŸi Ziyareti#EmeklilerYÄ±lÄ±
T.C. Ã‡alÄ±ÅŸma ve Sosyal GÃ¼venlik BakanlÄ±ÄŸÄ±,@csgbakanligi,2024-01-28T12:56:11.000Z,"Ã‡alÄ±ÅŸma ve Sosyal GÃ¼venlik BakanÄ±mÄ±z SayÄ±n Prof. Dr. , Kanal 7 YayÄ±nÄ±nda â€œBaÅŸkent Kulisiâ€ ProgramÄ±nda GÃ¼ndeme ve Ã‡alÄ±ÅŸma HayatÄ±na Ä°liÅŸkin SorularÄ± YanÄ±tladÄ±"
T.C. Ã‡alÄ±ÅŸma ve Sosyal GÃ¼venlik BakanlÄ±ÄŸÄ±,@csgbakanligi,2024-01-27T17:34:49.000Z,"Ã‡alÄ±ÅŸma ve Sosyal GÃ¼venlik BakanÄ±mÄ±z SayÄ±n Prof. Dr. , yarÄ±n saat 11:45â€™te Kanal 7 â€œBaÅŸkent Kulisiâ€ programÄ±nÄ±n yayÄ±n konuÄŸu olacaktÄ±r."
T.C. Ã‡alÄ±ÅŸma ve Sosyal GÃ¼venlik BakanlÄ±ÄŸÄ±,@csgbakanligi,2024-01-27T10:41:06.000Z,2024 #EmeklilerYÄ±lÄ± / TÃ¼rkiye YÃ¼zyÄ±lÄ±â€™nÄ±n EmektarlarÄ± Ã‡alÄ±ÅŸtayÄ±
Dr. Fahrettin Koca,@drfahrettinkoca,2024-02-02T10:55:51.000Z,
Dr. Fahrettin Koca,@drfahrettinkoca,2024-02-01T19:38:31.000Z,
Dr. Fahrettin Koca,@drfahrettinkoca,2024-02-01T17:09:19.000Z,"2017â€™de hizmete aÃ§Ä±lan Yozgat Åehir Hastanemiz, bugÃ¼ne dek 6 Milyonu aÅŸkÄ±n hastaya muayene, 1 Milyon 110 Bini aÅŸkÄ±n hastaya acil hizmeti verdi. Yatak kapasitesi 500. 18 ameliyathanesi bulunuyor. GÃ¼ler yÃ¼zle karÅŸÄ±landÄ±klarÄ±nÄ± sÃ¶yleyen hastalar, hizmetten memnun ayrÄ±lÄ±yor."
Dr. Fahrettin Koca,@drfahrettinkoca,2024-01-31T15:08:36.000Z,"5 yaÅŸ altÄ± Ã§ocuklarÄ±mÄ±zÄ±n pil, mÄ±knatÄ±s gibi kÃ¼Ã§Ã¼k cisimleri yutmalarÄ± nedeniyle yaÅŸadÄ±klarÄ± hayli riskli durumlar son yÄ±llarda artmÄ±ÅŸ durumda. BazÄ± vakalarda cerrahi mÃ¼dahale kaÃ§Ä±nÄ±lmaz. Ä°ki uzmanÄ±mÄ±z size Ã¶nemli bilgiler veriyor. Anne babalar, lÃ¼tfen dikkat:"
Dr. Fahrettin Koca,@drfahrettinkoca,2024-01-30T15:55:29.000Z,
Dr. Fahrettin Koca,@drfahrettinkoca,2024-01-29T15:39:47.000Z,
Dr. Fahrettin Koca,@drfahrettinkoca,2024-01-29T07:46:23.000Z,
Dr. Fahrettin Koca,@drfahrettinkoca,2024-01-28T18:00:59.000Z,
Dr. Fahrettin Koca,@drfahrettinkoca,2024-01-28T16:11:04.000Z,"BurasÄ± MuÅŸâ€™tur. 17 yaÅŸÄ±ndaki Epilepsi hastamÄ±zÄ±n ailesi sÄ±klaÅŸan nÃ¶betler nedeniyle 112â€™yi aradÄ±. Ambulans, kÄ±ÅŸ ÅŸartlarÄ±nÄ± aÅŸarak hastamÄ±za ulaÅŸtÄ±. NÃ¶betler MuÅŸ Devlet Hastanesinde kontrol altÄ±na alÄ±ndÄ±. YokuÅŸlar, tÃ¼rkÃ¼lerde. SaÄŸlÄ±k hizmeti her ÅŸartta. GeÃ§miÅŸ olsun genÃ§ kardeÅŸim."
Dr. Fahrettin Koca,@drfahrettinkoca,2024-01-27T15:05:23.000Z,"Ä°zmir Åehir Hastanesi: 5 Bin 608 kiÅŸilik kadrosuyla, bÃ¼nyesindeki hastanelerle gÃ¶z kamaÅŸtÄ±rÄ±cÄ± saÄŸlÄ±k Ã¼ssÃ¼."
GenÃ§lik ve Spor BakanlÄ±ÄŸÄ±,@gencliksporbak,2024-02-01T14:00:05.000Z,"Bizim illeri sensiz, bizim illeri sessiz bÄ±rakalÄ± 25 yÄ±l oldu...

MÃ¼zik dÃ¼nyamÄ±zÄ±n efsane ismi BarÄ±ÅŸ ManÃ§o'yu aramÄ±zdan ayrÄ±lÄ±ÅŸÄ±nÄ±n 25. yÄ±lÄ±nda Ã¶zlemle, rahmetle yÃ¢d ediyoruz."
GenÃ§lik ve Spor BakanlÄ±ÄŸÄ±,@gencliksporbak,2024-01-28T15:39:13.000Z,"BaÅŸkent'te soÄŸuk kÄ±ÅŸ gÃ¼nlerinde yapÄ±lacak en iyi aktivitelerden biri sÄ±cacÄ±k genÃ§lik merkezlerimizin kapÄ±sÄ±nÄ± Ã§almak...

BakalÄ±m Mamak GenÃ§lik Merkezi'nde zaman nasÄ±l geÃ§iyor? "
Hafize Gaye Erkan,@hafizegayeerkan,2024-02-01T13:46:08.000Z,
Hafize Gaye Erkan,@hafizegayeerkan,2024-01-18T19:10:44.000Z,
Hafize Gaye Erkan,@hafizegayeerkan,2024-02-01T13:46:08.000Z,
Hafize Gaye Erkan,@hafizegayeerkan,2023-11-09T17:30:42.000Z,Cumhuriyetimizin kurucusu Gazi Mustafa Kemal AtatÃ¼rk'Ã¼ ebediyete intikalinin 85. yÄ±lÄ±nda saygÄ± ve minnetle anÄ±yorum.
Hafize Gaye Erkan,@hafizegayeerkan,2024-02-01T13:46:08.000Z,
Hafize Gaye Erkan,@hafizegayeerkan,2023-10-29T08:06:36.000Z,"29 Ekim Cumhuriyet BayramÄ±mÄ±z, Cumhuriyetimizin 100. yÄ±lÄ± kutlu olsun!"
Hakan Fidan,@HakanFidan,2024-01-18T18:41:06.000Z,
Hakan Fidan,@HakanFidan,2024-01-12T19:48:13.000Z,
Hakan Fidan,@HakanFidan,2024-01-12T07:29:52.000Z,"PenÃ§e-Kilit Operasyonu bÃ¶lgesinde ÅŸehit olan Piyade Uzman Ã‡avuÅŸ Samet Aslanâ€™a  Allahâ€™tan rahmet, ailesine ve aziz milletimize baÅŸsaÄŸlÄ±ÄŸÄ±, yaralanan askerimize acil ÅŸifa diliyorum. "
Hakan Fidan,@HakanFidan,2023-12-31T16:01:37.000Z,
Hakan Fidan,@HakanFidan,2023-12-23T16:50:19.000Z,"PenÃ§e-Kilit HarekÃ¢tÄ± bÃ¶lgesinde ÅŸehadete eren askerlerimize Allah'tan rahmet, kahramanlarÄ±mÄ±zÄ±n ailelerine ve aziz milletimize baÅŸsaÄŸlÄ±ÄŸÄ±, yaralanan askerimize acil ÅŸifa diliyorum. "
Hakan Fidan,@HakanFidan,2023-12-22T19:48:26.000Z,"Irakâ€™Ä±n kuzeyinde ÅŸehit dÃ¼ÅŸen kahramanlarÄ±mÄ±za Allahâ€™tan rahmet, kederli ailelerine sabÄ±r ve yaralanan kahramanlarÄ±mÄ±za ÅŸifa diliyorum. Aziz milletimizin baÅŸÄ± saÄŸ olsun. TerÃ¶r Ã¶rgÃ¼tleri ve uzantÄ±larÄ±na karÅŸÄ± mÃ¼cadelemiz kararlÄ±lÄ±kla sÃ¼recek."
Hakan Fidan,@HakanFidan,2023-12-21T18:09:21.000Z,
Hakan Fidan,@HakanFidan,2023-12-12T19:13:52.000Z,"PenÃ§e-Kilit Operasyonu bÃ¶lgesinde ÅŸehadet mertebesine eren Piyade TeÄŸmen Eril Alperen Emir'e Allahâ€™tan rahmet; kederli ailesine, yakÄ±nlarÄ±na ve aziz milletimize baÅŸsaÄŸlÄ±ÄŸÄ± diliyorum. "
T.C. Hazine ve Maliye BakanlÄ±ÄŸÄ±,@HMBakanligi,2024-01-20T13:36:35.000Z,Yalanlama - 20.01.2024
Ä°brahim YumaklÄ±,@ibrahimyumakli,2024-02-02T13:50:04.000Z,
Ä°brahim YumaklÄ±,@ibrahimyumakli,2024-02-02T12:01:20.000Z,"Eser ve hizmet belediyeciliÄŸinin gÃ¼zel Ã¶rneklerinden Kocaeli BÃ¼yÃ¼kÅŸehir Belediyemizi ziyaret ettik.

â€œGerÃ§ek Belediyecilikâ€ vizyonuyla Kocaelili vatandaÅŸlarÄ±mÄ±za hizmet etmeye devam edecek â€™a baÅŸarÄ±lar diliyor, misafirperverlikleri iÃ§in teÅŸekkÃ¼r ediyorum."
Ä°brahim YumaklÄ±,@ibrahimyumakli,2024-02-02T11:35:08.000Z,"Ãœlkemizin deÄŸerlerini ve kÃ¼ltÃ¼rÃ¼nÃ¼ merkeze alan eserleriyle bizlere Ä±ÅŸÄ±k tutan, edebiyat dÃ¼nyamÄ±zÄ±n kÄ±ymetli temsilcilerinden Alev AlatlÄ±â€™nÄ±n vefatÄ±nÄ± bÃ¼yÃ¼k bir Ã¼zÃ¼ntÃ¼yle Ã¶ÄŸrendim.

Merhumeye Allahâ€™tan rahmet, ailesi ve sevenlerine baÅŸsaÄŸlÄ±ÄŸÄ± diliyorum.

MekanÄ± cennet olsun..."
Ä°brahim YumaklÄ±,@ibrahimyumakli,2024-02-02T11:14:24.000Z,"#DÃ¼nyaSulakAlanlarGÃ¼nÃ¼ Biyolojik Ã§eÅŸitlilik iÃ§in bÃ¼yÃ¼k Ã¶nem arz eden, eÅŸsiz doÄŸal gÃ¼zelliklere sahip sulak alanlarÄ±mÄ±zÄ± hep birlikte koruyalÄ±m.

DoÄŸamÄ±z nefes alsÄ±n, geleceÄŸimiz umutla filizlensin. "
Ä°brahim YumaklÄ±,@ibrahimyumakli,2024-02-02T11:10:11.000Z,
Ä°brahim YumaklÄ±,@ibrahimyumakli,2024-02-02T06:54:27.000Z,"BugÃ¼n, sanayinin ve Ã¼retimin merkezi, TÃ¼rkiyeâ€™nin lokomotif illerinden Kocaeliâ€™deyiz."
Ä°brahim YumaklÄ±,@ibrahimyumakli,2024-02-01T15:56:38.000Z,
Ä°brahim YumaklÄ±,@ibrahimyumakli,2024-01-31T18:12:30.000Z,
Prof. Dr. Vedat IÅŸÄ±khan,@isikhanvedat,2024-01-23T19:54:30.000Z,"ğŸğŸğŸğŸ’ ğ„ğŒğ„ğŠğ‹ğˆÌ‡ğ‹ğ„ğ‘ ğ˜ğˆğ‹ğˆ

SayÄ±n CumhurbaÅŸkanÄ±mÄ±z ve HÃ¼kÃ¼metlerimiz kÄ±ymetli emeklilerimizi sadece seÃ§im dÃ¶nemlerinde hatÄ±rlamadÄ±. Emeklilerimizin her daim yanÄ±nda olduk, baÅŸÄ±mÄ±zÄ±n tacÄ± yaptÄ±k. Bu yÃ¼zden 2024 yÄ±lÄ±nÄ± Emekliler YÄ±lÄ± olarak kutlamaya karar verdik."
Prof. Dr. Vedat IÅŸÄ±khan,@isikhanvedat,2024-02-02T11:17:10.000Z,
Prof. Dr. Vedat IÅŸÄ±khan,@isikhanvedat,2024-02-02T07:00:40.000Z,"Sosyal GÃ¼venlik Kurumumuzun Bedeli Ã–denecek Ä°laÃ§lar Listesiâ€™nde yapÄ±lan dÃ¼zenleme ile 11â€™i yerli Ã¼retim olmak Ã¼zere 13 ilacÄ± daha geri Ã¶deme listesine aldÄ±k.

Ä°laÃ§larÄ±n hastalarÄ±mÄ±za ÅŸifa olmasÄ±nÄ± temenni eder, vatandaÅŸlarÄ±mÄ±za saÄŸlÄ±klÄ± bir Ã¶mÃ¼r dilerim.https://sgk.gov.tr/Duyuru/Detay/20232-Donem-Tibbi-ve-Ekonomik-Degerlendirme-Komisyonu-Kararlarina-Istinaden-Bedeli-Odenecek-Ilaclar-Listesinde-Yapilan-Duzenlemeler-Hakkinda-Duyuru-2024-02-01-07-18-03â€¦"
Prof. Dr. Vedat IÅŸÄ±khan,@isikhanvedat,2024-02-02T11:17:10.000Z,
Prof. Dr. Vedat IÅŸÄ±khan,@isikhanvedat,2024-01-23T19:54:30.000Z,"ğŸğŸğŸğŸ’ ğ„ğŒğ„ğŠğ‹ğˆÌ‡ğ‹ğ„ğ‘ ğ˜ğˆğ‹ğˆ

SayÄ±n CumhurbaÅŸkanÄ±mÄ±z ve HÃ¼kÃ¼metlerimiz kÄ±ymetli emeklilerimizi sadece seÃ§im dÃ¶nemlerinde hatÄ±rlamadÄ±. Emeklilerimizin her daim yanÄ±nda olduk, baÅŸÄ±mÄ±zÄ±n tacÄ± yaptÄ±k. Bu yÃ¼zden 2024 yÄ±lÄ±nÄ± Emekliler YÄ±lÄ± olarak kutlamaya karar verdik."
Mahinur Ã–zdemir GÃ¶ktaÅŸ,@MahinurOzdemir,2024-02-02T14:25:45.000Z,
Mahinur Ã–zdemir GÃ¶ktaÅŸ,@MahinurOzdemir,2024-02-02T11:40:02.000Z,
Mahinur Ã–zdemir GÃ¶ktaÅŸ,@MahinurOzdemir,2024-01-31T16:37:51.000Z,
Mahinur Ã–zdemir GÃ¶ktaÅŸ,@MahinurOzdemir,2024-01-31T15:19:13.000Z,"BirleÅŸmiÅŸ Milletler MÃ¼lteciler YÃ¼ksek KomiserliÄŸi (UNHCR) TÃ¼rkiye Temsilcisi Sn. Angela Li Rosi ve beraberindeki heyet ile BakanlÄ±ÄŸÄ±mÄ±zda bir gÃ¶rÃ¼ÅŸme gerÃ§ekleÅŸtirdik.

GÃ¶rÃ¼ÅŸmede BakanlÄ±ÄŸÄ±mÄ±z ve UNHCR arasÄ±ndaki kapsamlÄ± iÅŸ birliÄŸini sÃ¼rdÃ¼rmeye yÃ¶nelik deÄŸerlendirmelerde bulunduk."
Mahinur Ã–zdemir GÃ¶ktaÅŸ,@MahinurOzdemir,2024-01-31T13:03:06.000Z,
Mahinur Ã–zdemir GÃ¶ktaÅŸ,@MahinurOzdemir,2024-01-31T11:55:15.000Z,
Mahinur Ã–zdemir GÃ¶ktaÅŸ,@MahinurOzdemir,2024-01-30T19:09:51.000Z,
Mahinur Ã–zdemir GÃ¶ktaÅŸ,@MahinurOzdemir,2024-01-30T16:49:10.000Z,
Mahinur Ã–zdemir GÃ¶ktaÅŸ,@MahinurOzdemir,2024-01-30T14:39:14.000Z,
Mehmet Nuri Ersoy,@MehmetNuriErsoy,2024-02-02T11:17:42.000Z,
Mehmet Nuri Ersoy,@MehmetNuriErsoy,2024-02-02T09:21:23.000Z,
Mehmet Nuri Ersoy,@MehmetNuriErsoy,2024-02-02T07:44:22.000Z,"KÃ¼ltÃ¼r varlÄ±ÄŸÄ± kaÃ§akÃ§Ä±lÄ±ÄŸÄ± ile sÃ¼rdÃ¼rdÃ¼ÄŸÃ¼mÃ¼z mÃ¼cadele hÄ±z kesmeden devam ediyor.

 #ABDâ€™den ve #Ä°ngiltereâ€™den iadesini saÄŸladÄ±ÄŸÄ±mÄ±z 42 eserimizin tanÄ±tÄ±mÄ±nÄ± gerÃ§ekleÅŸtiriyoruz.
 #CanlÄ±  Antalya Arkeoloji MÃ¼zesi"
Mehmet Nuri Ersoy,@MehmetNuriErsoy,2024-02-01T07:00:30.000Z,"Ãœlkemizin 2023 yÄ±lÄ± turizm verilerini, gelecek turizm hedeflerimizi ve BakanlÄ±ÄŸÄ±mÄ±zÄ±n Ã§alÄ±ÅŸmalarÄ±nÄ±  ekranlarÄ±nda anlatÄ±yoruz."
Mehmet Nuri Ersoy,@MehmetNuriErsoy,2024-01-31T12:36:57.000Z,
Mehmet Nuri Ersoy,@MehmetNuriErsoy,2024-01-31T12:30:35.000Z,"Ãœlkemizi ziyaret eden turistlerin otel dÄ±ÅŸÄ±na Ã§Ä±kmasÄ±nÄ± saÄŸlayabilmek, sezonu uzatarak 12 aya yayabilmek ve tÃ¼m ÅŸehirlerimizi turistle buluÅŸturabilmek Ã¼zere #GeceMÃ¼zeciliÄŸi'ni baÅŸlattÄ±k."
Mehmet Nuri Ersoy,@MehmetNuriErsoy,2024-01-31T10:57:19.000Z,"Turizmde yeni rekorlara imza atacaÄŸÄ±z...

2024 yÄ±lÄ±nda 60 milyon ziyaretÃ§i, 60 milyar dolar turizm geliri hedefliyoruz."
Mehmet Nuri Ersoy,@MehmetNuriErsoy,2024-01-31T10:07:15.000Z,"Turizmde rekor yÄ±lÄ±

2023 yÄ±lÄ±nda en Ã§ok ziyaretÃ§i aÄŸÄ±rladÄ±ÄŸÄ±mÄ±z Ã¼lkeler sÄ±rasÄ±yla Rusya Federasyonu, Almanya ve Ä°ngiltere (BirleÅŸik KrallÄ±k) oldu."
Mehmet Nuri Ersoy,@MehmetNuriErsoy,2024-01-31T08:44:48.000Z,1 Åubat PerÅŸembe gÃ¼nÃ¼ saat 10.00'da Bloomberg HTâ€™nin canlÄ± yayÄ±n konuÄŸu olacaÄŸÄ±m.
Mehmet Ã–zhaseki,@mehmetozhaseki,2024-02-02T11:50:39.000Z,"Edebiyat dÃ¼nyamÄ±zÄ±n gÃ¼Ã§lÃ¼ kalemi, eserleri ve dÃ¼ÅŸÃ¼nceleriyle genÃ§ nesillerimize yol gÃ¶steren kÄ±ymetli mÃ¼tefekkir Alev AlatlÄ± HanÄ±mefendi'ye Allah'tan rahmet, ailesine ve sevenlerine baÅŸsaÄŸlÄ±ÄŸÄ± ve sabÄ±r diliyorum. 

Rabbim; Alev HocamÄ±zÄ±n mekÃ¢nÄ±nÄ± cennet, ruhunu ÅŸad eylesin."
Mehmet Ã–zhaseki,@mehmetozhaseki,2024-02-02T10:54:44.000Z,
Mehmet Ã–zhaseki,@mehmetozhaseki,2024-02-02T09:16:10.000Z,Mehmet Karamercan KÃ¼tÃ¼phanesi ve 100 Apartmana 100 KÃ¼tÃ¼phane AÃ§Ä±lÄ±ÅŸ TÃ¶reni Kayseri
Mehmet Ã–zhaseki,@mehmetozhaseki,2024-02-02T09:08:24.000Z,
Mehmet Ã–zhaseki,@mehmetozhaseki,2024-02-02T08:06:21.000Z,Kentsel YeÅŸil AlanlarÄ±n SÃ¼rdÃ¼rÃ¼lebilir YÃ¶netim Ã‡alÄ±ÅŸtayÄ±
Mehmet Ã–zhaseki,@mehmetozhaseki,2024-02-02T05:31:42.000Z,CumamÄ±z mÃ¼barek olsun.#HayÄ±rlÄ±Cumalar
Mehmet Ã–zhaseki,@mehmetozhaseki,2024-02-01T13:16:12.000Z,
Mehmet Ã–zhaseki,@mehmetozhaseki,2024-01-31T14:37:48.000Z,"Ã‡elik kÃ¶y evlerimizin ilk etap teslimine baÅŸlÄ±yoruzâ€¦

Son 6 gÃ¼n "
Mehmet Ã–zhaseki,@mehmetozhaseki,2024-01-30T12:30:31.000Z,"CumhurbaÅŸkanÄ±mÄ±z SayÄ±n :

""Afetlere dayanÄ±klÄ±, direnÃ§li ve saÄŸlam yerleÅŸim yerleri kuracaÄŸÄ±z. Åehirlerimizi iklim deÄŸiÅŸikliÄŸine uyumlu hÃ¢le getireceÄŸiz. 

EvlatlarÄ±mÄ±za havasÄ±, suyu, topraÄŸÄ± ve Ã§evresi temiz ÅŸehirler bÄ±rakacaÄŸÄ±z."""
Mehmet Simsek,@memetsimsek,2024-02-02T13:12:30.000Z,"Ocak ayÄ± verileri dÄ±ÅŸ ticaret aÃ§Ä±ÄŸÄ±ndaki gerilemenin sÃ¼rdÃ¼ÄŸÃ¼nÃ¼, ProgramÄ±n Ã§alÄ±ÅŸtÄ±ÄŸÄ±nÄ± teyit ediyor.

GeÃ§en yÄ±l MayÄ±s ayÄ±nda 122,2 milyar dolara ulaÅŸan yÄ±llÄ±k dÄ±ÅŸ ticaret aÃ§Ä±ÄŸÄ± 24,3 milyar dolar iyileÅŸerek Ocakâ€™ta 97,9 milyar dolara geriledi."
Mehmet Simsek,@memetsimsek,2024-02-02T08:01:32.000Z,"Sevgili GenÃ§ler, 
GeleceÄŸinizi karartmayÄ±n. 

Banka hesaplarÄ±nÄ±zÄ± kimseye kullandÄ±rmayÄ±n. BÃ¶ylece kazara yasa dÄ±ÅŸÄ± faaliyetlere ortak olmayÄ±n."
Mehmet Simsek,@memetsimsek,2024-01-31T11:23:12.000Z,
Mehmet Simsek,@memetsimsek,2024-01-31T09:32:11.000Z,
Mehmet Simsek,@memetsimsek,2024-01-27T08:41:21.000Z,
Mehmet Simsek,@memetsimsek,2024-01-26T11:17:07.000Z,
Mehmet Simsek,@memetsimsek,2024-01-23T08:47:34.000Z,"Orta Vadeli Programâ€™da taahhÃ¼t ettiÄŸimiz Kamu Ä°ktisadi TeÅŸebbÃ¼sleri (KÄ°T) reformunun ilk aÅŸamasÄ±nÄ± hayata geÃ§irmek iÃ§in Ã§alÄ±ÅŸmalarÄ±mÄ±zÄ± tamamladÄ±k. 

KÄ°Tâ€™lerin daha etkin ve verimli Ã§alÄ±ÅŸmasÄ±nÄ± saÄŸlayarak ekonomimize katkÄ±larÄ±nÄ± artÄ±racaÄŸÄ±z."
Merkez BankasÄ±,@Merkez_Bankasi,2024-01-25T11:39:24.000Z,25 Ocak 2024 Tarihli PPK KararÄ±: http://tcmb.tl/tta38e8
Merkez BankasÄ±,@Merkez_Bankasi,2024-02-02T11:42:48.000Z,Finansal Kesim DÄ±ÅŸÄ±ndaki FirmalarÄ±n DÃ¶viz VarlÄ±k ve YÃ¼kÃ¼mlÃ¼lÃ¼kleri â€“ KasÄ±m 2023: http://tcmb.tl/Y6fd491
Merkez BankasÄ±,@Merkez_Bankasi,2024-02-02T06:01:44.000Z,Enflasyon Raporu 2024-I Bilgilendirme ToplantÄ±sÄ± 8 Åubat 2024 Tarihinde Ankaraâ€™da YapÄ±lacaktÄ±r: http://tcmb.tl/tBaf77d
Merkez BankasÄ±,@Merkez_Bankasi,2024-02-01T11:42:38.000Z,Menkul KÄ±ymet Ä°statistikleri: http://tcmb.tl/vdd53f4
Merkez BankasÄ±,@Merkez_Bankasi,2024-02-01T11:40:57.000Z,HaftalÄ±k Para ve Banka Ä°statistikleri: http://tcmb.tl/t9f3bb1
Merkez BankasÄ±,@Merkez_Bankasi,2024-01-25T11:39:24.000Z,25 Ocak 2024 Tarihli PPK KararÄ±: http://tcmb.tl/tta38e8
Merkez BankasÄ±,@Merkez_Bankasi,2024-02-02T11:42:48.000Z,Finansal Kesim DÄ±ÅŸÄ±ndaki FirmalarÄ±n DÃ¶viz VarlÄ±k ve YÃ¼kÃ¼mlÃ¼lÃ¼kleri â€“ KasÄ±m 2023: http://tcmb.tl/Y6fd491
Merkez BankasÄ±,@Merkez_Bankasi,2024-02-02T06:01:44.000Z,Enflasyon Raporu 2024-I Bilgilendirme ToplantÄ±sÄ± 8 Åubat 2024 Tarihinde Ankaraâ€™da YapÄ±lacaktÄ±r: http://tcmb.tl/tBaf77d
Merkez BankasÄ±,@Merkez_Bankasi,2024-02-01T11:34:37.000Z,TÃ¼rkiye Cumhuriyet Merkez BankasÄ± ve Ä°spanya Merkez BankasÄ± arasÄ±nda merkez bankacÄ±lÄ±ÄŸÄ± konularÄ±nda iÅŸ birliÄŸinin geliÅŸtirilmesine zemin oluÅŸturmak Ã¼zere Mutabakat ZaptÄ± imzalanmÄ±ÅŸtÄ±r: http://tcmb.tl/tzf9081
Merkez BankasÄ±,@Merkez_Bankasi,2024-02-01T11:01:55.000Z,25 Ocak 2024 Tarihli Para PolitikasÄ± Kurulu ToplantÄ± Ã–zeti: http://tcmb.tl/tx6e7d0
Mehmet Fatih KACIR,@mfatihkacir,2024-01-10T17:28:33.000Z,"â€œO iÅŸ bizde.â€

Gurur Duy TÃ¼rkiye! "
Mehmet Fatih KACIR,@mfatihkacir,2024-02-02T08:50:10.000Z,
Mehmet Fatih KACIR,@mfatihkacir,2024-02-02T07:00:26.000Z,"BugÃ¼n 17:50â€™de UluslararasÄ± Uzay Ä°stasyonuâ€™nda â€œVeda TÃ¶reniâ€ dÃ¼zenlenecek.

ArtÄ±k bizim de istasyonda adÄ±mÄ±z, uzayda izimiz var. "
Mehmet Fatih KACIR,@mfatihkacir,2024-02-02T06:30:24.000Z,
Mehmet Fatih KACIR,@mfatihkacir,2024-01-10T17:28:33.000Z,"â€œO iÅŸ bizde.â€

Gurur Duy TÃ¼rkiye! "
Mehmet Fatih KACIR,@mfatihkacir,2024-02-02T08:50:10.000Z,
Numan KurtulmuÅŸ,@NumanKurtulmus,2024-02-02T11:30:16.000Z,"TÃ¼rk dÃ¼ÅŸÃ¼nce dÃ¼nyasÄ±nÄ±n cesur ve saÄŸduyulu bilgelerinden Alev AlatlÄ± HanÄ±mefendi'ye Allah'tan rahmet, ailesine, sevenlerine ve yakÄ±nlarÄ±na sabÄ±r diliyorum. 

Milletimizin baÅŸÄ± saÄŸ olsun."
Numan KurtulmuÅŸ,@NumanKurtulmus,2024-02-01T18:42:49.000Z,"âBu tartÄ±ÅŸmalarÄ±n bir tarafÄ± olmak iÃ§in deÄŸil; tartÄ±ÅŸmalarÄ±n makul, hukuki, demokratik ve anayasal bir Ã§erÃ§evede Ã§Ã¶zÃ¼lebilmesi iÃ§in gayret sarf eden birisi olarak bunlarÄ± paylaÅŸmayÄ± bir vazife telakki ediyorum.âTFMD 2024 YÄ±lÄ±n BasÄ±n FotoÄŸraflarÄ± Ã–dÃ¼l TÃ¶reni"
Numan KurtulmuÅŸ,@NumanKurtulmus,2024-02-01T18:40:36.000Z,"âBaÅŸta uluslararasÄ± sistemin siyasi mekanizmalarÄ± olmak Ã¼zere, bu soykÄ±rÄ±m boyutlarÄ±na varan katliamlarÄ± durduracak bir siyaset mekanizmasÄ± bulunmuyor, ortada gÃ¶rÃ¼nmÃ¼yor.âTFMD 2024 YÄ±lÄ±n BasÄ±n FotoÄŸraflarÄ± Ã–dÃ¼l TÃ¶reni"
Numan KurtulmuÅŸ,@NumanKurtulmus,2024-02-02T11:30:16.000Z,"TÃ¼rk dÃ¼ÅŸÃ¼nce dÃ¼nyasÄ±nÄ±n cesur ve saÄŸduyulu bilgelerinden Alev AlatlÄ± HanÄ±mefendi'ye Allah'tan rahmet, ailesine, sevenlerine ve yakÄ±nlarÄ±na sabÄ±r diliyorum. 

Milletimizin baÅŸÄ± saÄŸ olsun."
Numan KurtulmuÅŸ,@NumanKurtulmus,2024-02-01T18:39:12.000Z,"âDepremdeki bÃ¼tÃ¼n o acÄ±larÄ±n iÃ§erisinde bizim en Ã§ok gÄ±ptayla baktÄ±ÄŸÄ±mÄ±z husus, bu milletin yardÄ±mlaÅŸma duygusuydu.âTFMD 2024 YÄ±lÄ±n BasÄ±n FotoÄŸraflarÄ± Ã–dÃ¼l TÃ¶reni"
Numan KurtulmuÅŸ,@NumanKurtulmus,2024-02-01T18:20:29.000Z,
Numan KurtulmuÅŸ,@NumanKurtulmus,2024-02-01T18:42:49.000Z,"âBu tartÄ±ÅŸmalarÄ±n bir tarafÄ± olmak iÃ§in deÄŸil; tartÄ±ÅŸmalarÄ±n makul, hukuki, demokratik ve anayasal bir Ã§erÃ§evede Ã§Ã¶zÃ¼lebilmesi iÃ§in gayret sarf eden birisi olarak bunlarÄ± paylaÅŸmayÄ± bir vazife telakki ediyorum.âTFMD 2024 YÄ±lÄ±n BasÄ±n FotoÄŸraflarÄ± Ã–dÃ¼l TÃ¶reni"
Numan KurtulmuÅŸ,@NumanKurtulmus,2024-02-01T18:40:36.000Z,"âBaÅŸta uluslararasÄ± sistemin siyasi mekanizmalarÄ± olmak Ã¼zere, bu soykÄ±rÄ±m boyutlarÄ±na varan katliamlarÄ± durduracak bir siyaset mekanizmasÄ± bulunmuyor, ortada gÃ¶rÃ¼nmÃ¼yor.âTFMD 2024 YÄ±lÄ±n BasÄ±n FotoÄŸraflarÄ± Ã–dÃ¼l TÃ¶reni"
Numan KurtulmuÅŸ,@NumanKurtulmus,2024-02-02T11:30:16.000Z,"TÃ¼rk dÃ¼ÅŸÃ¼nce dÃ¼nyasÄ±nÄ±n cesur ve saÄŸduyulu bilgelerinden Alev AlatlÄ± HanÄ±mefendi'ye Allah'tan rahmet, ailesine, sevenlerine ve yakÄ±nlarÄ±na sabÄ±r diliyorum. 

Milletimizin baÅŸÄ± saÄŸ olsun."
Dr. Osman AÅŸkÄ±n Bak,@OA_BAK,2024-02-02T11:49:24.000Z,"Bu topraklarÄ±n yetiÅŸtirdiÄŸi kÄ±ymetli mÃ¼tefekkirlerden Alev AlatlÄ± hocamÄ±za Allah'tan rahmet, sevenlerine sabÄ±r dilerim. 

Milletimizin ve edebiyat camiasÄ±nÄ±n baÅŸÄ± saÄŸ olsunâ€¦"
Dr. Osman AÅŸkÄ±n Bak,@OA_BAK,2024-02-02T01:11:09.000Z,"ï¸ï¸â“˜ Alperen ÅengÃ¼nâ€™Ã¼ onurlandÄ±rma tweetidir!

Åu an tÃ¼m basketbolseverlerin aynÄ± ÅŸeyi dÃ¼ÅŸÃ¼ndÃ¼ÄŸÃ¼nÃ¼ biliyorumâ€¦ Bizi gururlandÄ±rmaya devam edeceksin kardeÅŸim!"
Dr. Osman AÅŸkÄ±n Bak,@OA_BAK,2024-02-02T01:11:09.000Z,"ï¸ï¸â“˜ Alperen ÅengÃ¼nâ€™Ã¼ onurlandÄ±rma tweetidir!

Åu an tÃ¼m basketbolseverlerin aynÄ± ÅŸeyi dÃ¼ÅŸÃ¼ndÃ¼ÄŸÃ¼nÃ¼ biliyorumâ€¦ Bizi gururlandÄ±rmaya devam edeceksin kardeÅŸim!"
Dr. Osman AÅŸkÄ±n Bak,@OA_BAK,2024-02-02T11:49:24.000Z,"Bu topraklarÄ±n yetiÅŸtirdiÄŸi kÄ±ymetli mÃ¼tefekkirlerden Alev AlatlÄ± hocamÄ±za Allah'tan rahmet, sevenlerine sabÄ±r dilerim. 

Milletimizin ve edebiyat camiasÄ±nÄ±n baÅŸÄ± saÄŸ olsunâ€¦"
Dr. Osman AÅŸkÄ±n Bak,@OA_BAK,2024-02-02T01:11:09.000Z,"ï¸ï¸â“˜ Alperen ÅengÃ¼nâ€™Ã¼ onurlandÄ±rma tweetidir!

Åu an tÃ¼m basketbolseverlerin aynÄ± ÅŸeyi dÃ¼ÅŸÃ¼ndÃ¼ÄŸÃ¼nÃ¼ biliyorumâ€¦ Bizi gururlandÄ±rmaya devam edeceksin kardeÅŸim!"
Dr. Osman AÅŸkÄ±n Bak,@OA_BAK,2024-02-01T15:09:04.000Z,"Diplomat Akademi KampÄ±'mÄ±zÄ±n kapanÄ±ÅŸ dersini Birinci Meclisâ€™te gerÃ§ekleÅŸtirdik.

TÃ¼rkiyeâ€™nÄ±n dÃ¶rt bir yanÄ±ndan kampÄ±mÄ±za katÄ±lan Ã¶ÄŸrenci kardeÅŸlerimize ve onlara deÄŸerli bilgilerini aktaran TBMM BaÅŸkanÄ±mÄ±z SayÄ±n 'a teÅŸekkÃ¼r ediyorum. #GSBYurtlarÄ±Kampta"
Prof. Dr. Ã–mer Bolat,@omerbolatTR,2024-02-02T13:46:32.000Z,
Prof. Dr. Ã–mer Bolat,@omerbolatTR,2024-02-02T11:46:51.000Z,
Prof. Dr. Ã–mer Bolat,@omerbolatTR,2024-02-02T11:22:45.000Z,
Prof. Dr. Ã–mer Bolat,@omerbolatTR,2024-02-02T11:00:54.000Z,
Prof. Dr. Ã–mer Bolat,@omerbolatTR,2024-02-02T09:27:29.000Z,
Prof. Dr. Ã–mer Bolat,@omerbolatTR,2024-02-02T08:46:53.000Z,
Prof. Dr. Ã–mer Bolat,@omerbolatTR,2024-02-02T07:48:23.000Z,#CanlÄ± | 2024 YÄ±lÄ± Ocak AyÄ± DÄ±ÅŸ Ticaret RakamlarÄ± AÃ§Ä±klamasÄ±
Prof. Dr. Ã–mer Bolat,@omerbolatTR,2024-02-02T07:23:00.000Z,
Prof. Dr. Ã–mer Bolat,@omerbolatTR,2024-02-01T15:08:26.000Z,
Recep Tayyip ErdoÄŸan,@RTErdogan,2024-02-02T14:28:47.000Z,Sivil Toplum KuruluÅŸlarÄ±yla BuluÅŸma ProgramÄ±
Recep Tayyip ErdoÄŸan,@RTErdogan,2024-02-02T13:45:15.000Z,"VefatÄ±nÄ± derin bir teessÃ¼rle Ã¶ÄŸrendiÄŸimiz Alev AlatlÄ± hocamÄ±za Allahâ€™tan rahmet diliyorum. 

Ãœlkemizin son dÃ¶nemde yetiÅŸtirdiÄŸi en Ã¶nemli mÃ¼nevverlerden, tarihten bugÃ¼ne ve geleceÄŸe tespitle beraber teklif de Ã¼reten, perspektifler sunabilen, CumhurbaÅŸkanlÄ±ÄŸÄ± KÃ¼ltÃ¼r ve Sanat BÃ¼yÃ¼k Ã–dÃ¼lÃ¼ sahibi Alev AlatlÄ± hocamÄ±z, eserleri ve fikirleriyle aramÄ±zda yaÅŸamaya devam edecektir. 

KÄ±ymetli Alev hocamÄ±zÄ±n ailesine, sevenlerine, okurlarÄ±na ve milletimize baÅŸsaÄŸlÄ±ÄŸÄ± diliyorum."
Recep Tayyip ErdoÄŸan,@RTErdogan,2024-02-02T12:45:09.000Z,AK Parti Bursa Ä°lÃ§e Belediye BaÅŸkan AdaylarÄ± TanÄ±tÄ±m ToplantÄ±sÄ±
Recep Tayyip ErdoÄŸan,@RTErdogan,2024-02-01T15:00:09.000Z,
Recep Tayyip ErdoÄŸan,@RTErdogan,2024-02-01T11:51:28.000Z,Diyanet Akademisi BaÅŸkanlÄ±ÄŸÄ± 1'inci DÃ¶nem Aday Din GÃ¶revlileri Mezuniyet Merasimi
Recep Tayyip ErdoÄŸan,@RTErdogan,2024-01-30T18:30:00.000Z,"#GerÃ§ekBelediyecilik Ã¼retken, dinamik, Ã§aÄŸdaÅŸ ve akÄ±lcÄ± projelerle insanÄ±mÄ±zÄ±n gÃ¼nlÃ¼k hayatÄ±nÄ± kolaylaÅŸtÄ±racaktÄ±r.

Adil, ÅŸeffaf ve sorumlu yÃ¶netim anlayÄ±ÅŸÄ±yla tÃ¼m bireylere gÃ¼ven verecektir."
Recep Tayyip ErdoÄŸan,@RTErdogan,2024-01-30T16:30:00.000Z,"Åehirlerimiz hizmetini gÃ¶remediÄŸi insanlarÄ±n gÃ¶lgesine bakmaktan, afiÅŸlerini seyretmekten, propagandasÄ±na maruz kalmaktan bÄ±ktÄ±, usandÄ±, yÄ±ldÄ±.
 
Ä°nÅŸallah 31 Martâ€™ta bu gÃ¶lgeler ÅŸehirlerimizin Ã¼zerinden Ã§ekilecek, insanlarÄ±mÄ±z gerÃ§ek belediyeciliÄŸin Ã¼retkenliÄŸine kavuÅŸacaktÄ±r."
Recep Tayyip ErdoÄŸan,@RTErdogan,2024-02-01T15:00:09.000Z,
Recep Tayyip ErdoÄŸan,@RTErdogan,2024-02-01T11:51:28.000Z,Diyanet Akademisi BaÅŸkanlÄ±ÄŸÄ± 1'inci DÃ¶nem Aday Din GÃ¶revlileri Mezuniyet Merasimi
T.C. SaÄŸlÄ±k BakanlÄ±ÄŸÄ±,@saglikbakanligi,2024-01-31T07:26:36.000Z,Ã–nlenebilir bir hastalÄ±k olan rahim aÄŸzÄ± kanserine yÃ¶nelik tarama testlerinizi Ã¼cretsiz olarak yaptÄ±rabilirsiniz. #ServiksKanseriFarkÄ±ndalÄ±kAyÄ±
T.C. Aile ve Sosyal Hizmetler BakanlÄ±ÄŸÄ±,@tcailesosyal,2024-02-02T13:57:53.000Z,
T.C. Aile ve Sosyal Hizmetler BakanlÄ±ÄŸÄ±,@tcailesosyal,2024-01-31T10:30:54.000Z,
T.C. Aile ve Sosyal Hizmetler BakanlÄ±ÄŸÄ±,@tcailesosyal,2024-01-27T10:46:23.000Z,"BakanÄ±mÄ±z SayÄ±n Mahinur Ã–zdemir GÃ¶ktaÅŸ, DarÃ¼laceze AylÄ±k OlaÄŸan Ä°dare Meclisi ToplantÄ±sÄ±â€™na baÅŸkanlÄ±k etti."
T.C. Aile ve Sosyal Hizmetler BakanlÄ±ÄŸÄ±,@tcailesosyal,2024-01-27T09:10:49.000Z,"BakanÄ±mÄ±z SayÄ±n Mahinur Ã–zdemir GÃ¶ktaÅŸ, 15 Temmuz DerneÄŸi'ni ziyaret etti.

BakanlÄ±k olarak, vatan emanetini korumak ve yÃ¼celtmek adÄ±na ÅŸehadet mertebesine ulaÅŸan tÃ¼m aziz ÅŸehitlerimizin kÄ±ymetli yakÄ±nlarÄ±na ve kahraman gazilerimize her alanda sahip Ã§Ä±kmaya devam edeceÄŸiz."
T.C. Aile ve Sosyal Hizmetler BakanlÄ±ÄŸÄ±,@tcailesosyal,2024-01-24T08:13:00.000Z,"BakanÄ±mÄ±z SayÄ±n Mahinur Ã–zdemir GÃ¶ktaÅŸ: ""Ä°htiyaÃ§ sahibi ailelere yÃ¶nelik hayata geÃ§irdiÄŸimiz DÃ¼zenli DoÄŸal Gaz TÃ¼ketim DesteÄŸiâ€™nde yeni yÄ±lÄ±n ilk Ã¶demeleri baÅŸladÄ±. Ocak ayÄ± Ã¶deme dÃ¶neminde, 383 bin haneye toplam 304,5 milyon TL Ã¶deme yapÄ±lacak."" Haberin devamÄ± iÃ§in: "
T.C. CumhurbaÅŸkanlÄ±ÄŸÄ±,@tcbestepe,2024-02-01T20:58:34.000Z,"CumhurbaÅŸkanÄ±mÄ±z , MillÃ® Ä°stihbarat TeÅŸkilÃ¢tÄ± BaÅŸkanÄ± Ä°brahim KalÄ±nâ€™Ä± CumhurbaÅŸkanlÄ±ÄŸÄ± KÃ¼lliyesinde kabul etti."
T.C. CumhurbaÅŸkanlÄ±ÄŸÄ±,@tcbestepe,2024-02-01T16:20:11.000Z,"CumhurbaÅŸkanÄ±mÄ±z , TÃ¼rkiyeâ€™ye Ã§alÄ±ÅŸma ziyaretinde bulunan Nijer BaÅŸbakanÄ± ve Ekonomi ve Finans BakanÄ± Ali Mahamane Lamine Zeineâ€™yi CumhurbaÅŸkanlÄ±ÄŸÄ± KÃ¼lliyesinde kabul etti."
T.C. CumhurbaÅŸkanlÄ±ÄŸÄ±,@tcbestepe,2024-02-01T20:58:34.000Z,"CumhurbaÅŸkanÄ±mÄ±z , MillÃ® Ä°stihbarat TeÅŸkilÃ¢tÄ± BaÅŸkanÄ± Ä°brahim KalÄ±nâ€™Ä± CumhurbaÅŸkanlÄ±ÄŸÄ± KÃ¼lliyesinde kabul etti."
T.C. CumhurbaÅŸkanlÄ±ÄŸÄ±,@tcbestepe,2024-02-01T13:13:29.000Z,"CumhurbaÅŸkanÄ±mÄ±z ErdoÄŸan, Diyanet Akademisi BaÅŸkanlÄ±ÄŸÄ± Mezuniyet Merasimiâ€™ne katÄ±ldÄ± https://tccb.gov.tr/haberler/410/150956/cumhurbaskani-erdogan-diyanet-akademisi-baskanligi-mezuniyet-merasimi-ne-katildiâ€¦"
T.C. CumhurbaÅŸkanlÄ±ÄŸÄ±,@tcbestepe,2024-01-30T14:14:50.000Z,"CumhurbaÅŸkanÄ±mÄ±z , Umman BÃ¼yÃ¼kelÃ§isi Saif Rashid Saif Al-Jahwariâ€™yi CumhurbaÅŸkanlÄ±ÄŸÄ± KÃ¼lliyesinde kabul etti. 

Kabulde BÃ¼yÃ¼kelÃ§i Al-Jahwari, CumhurbaÅŸkanÄ±mÄ±z ErdoÄŸanâ€™a gÃ¼ven mektubunu sundu."
T.C. CumhurbaÅŸkanlÄ±ÄŸÄ±,@tcbestepe,2024-01-30T14:11:57.000Z,"CumhurbaÅŸkanÄ±mÄ±z , Ekvator Ginesi BÃ¼yÃ¼kelÃ§isi Jose Esono Micha Akengâ€™i CumhurbaÅŸkanlÄ±ÄŸÄ± KÃ¼lliyesinde kabul etti. 

Kabulde BÃ¼yÃ¼kelÃ§i Akeng, CumhurbaÅŸkanÄ±mÄ±z ErdoÄŸanâ€™a gÃ¼ven mektubunu sundu."
T.C. CumhurbaÅŸkanlÄ±ÄŸÄ±,@tcbestepe,2024-01-30T14:06:55.000Z,"CumhurbaÅŸkanÄ±mÄ±z , Gine Bissau BÃ¼yÃ¼kelÃ§isi Braima Embaloâ€™yu CumhurbaÅŸkanlÄ±ÄŸÄ± KÃ¼lliyesinde kabul etti. 

Kabulde BÃ¼yÃ¼kelÃ§i Embalo, CumhurbaÅŸkanÄ±mÄ±z ErdoÄŸanâ€™a gÃ¼ven mektubunu sundu."
T.C. CumhurbaÅŸkanlÄ±ÄŸÄ±,@tcbestepe,2024-01-30T14:04:36.000Z,"CumhurbaÅŸkanÄ±mÄ±z , ÃœrdÃ¼n BÃ¼yÃ¼kelÃ§isi Hazem Issam Al-Khatib Al-Tamimiâ€™yi CumhurbaÅŸkanlÄ±ÄŸÄ± KÃ¼lliyesinde kabul etti. 

Kabulde BÃ¼yÃ¼kelÃ§i Al-Khatib Al-Tamimi, CumhurbaÅŸkanÄ±mÄ±z ErdoÄŸanâ€™a gÃ¼ven mektubunu sundu."
T.C. KÃ¼ltÃ¼r ve Turizm BakanlÄ±ÄŸÄ±,@TCKulturTurizm,2024-02-02T11:27:25.000Z,"Ãœlkemiz edebiyatÄ±nÄ±n ve dÃ¼ÅŸÃ¼nce dÃ¼nyamÄ±zÄ±n Ã¶nemli isimlerinden #AlevAlatlÄ±'ya Allah'tan rahmet, ailesine ve tÃ¼m sevenlerine baÅŸsaÄŸlÄ±ÄŸÄ± diliyoruz.

MekÃ¢nÄ± cennet olsun."
T.C. KÃ¼ltÃ¼r ve Turizm BakanlÄ±ÄŸÄ±,@TCKulturTurizm,2024-02-02T10:52:48.000Z,"ABD ve Ä°ngiltere'den iadesini saÄŸladÄ±ÄŸÄ±mÄ±z 42 tarihÃ® eser Antalya Arkeoloji MÃ¼zesi'nde sergileniyor.

BakanÄ±mÄ±z : ""KÃ¼ltÃ¼r varlÄ±ÄŸÄ± kaÃ§akÃ§Ä±lÄ±ÄŸÄ±nÄ±n Ã¶nlenmesi ve eserlerimizin iadesi Ã§alÄ±ÅŸmalarÄ±mÄ±za hÄ±z kesmeden devam ediyoruz.""

AyrÄ±ntÄ±sÄ± http://basin.ktb.gov.tr/TR-365156/abd-ve-ingiltere39den-iadesi-saglanan-42-tarihi-eser-antalya-arkeoloji-muzesi39nde-sergileniyor.htmlâ€¦"
T.C. KÃ¼ltÃ¼r ve Turizm BakanlÄ±ÄŸÄ±,@TCKulturTurizm,2024-02-02T07:42:21.000Z,KÃ¼ltÃ¼r varlÄ±ÄŸÄ± kaÃ§akÃ§Ä±lÄ±ÄŸÄ± ile sÃ¼rdÃ¼rdÃ¼ÄŸÃ¼mÃ¼z mÃ¼cadele kapsamÄ±nda #ABDâ€™den ve #Ä°ngiltereâ€™den iadesini saÄŸladÄ±ÄŸÄ±mÄ±z 42 eserimizin tanÄ±tÄ±mÄ±nÄ± Antalya Arkeoloji MÃ¼zemizde gerÃ§ekleÅŸtiriyoruz.
T.C. KÃ¼ltÃ¼r ve Turizm BakanlÄ±ÄŸÄ±,@TCKulturTurizm,2024-02-01T11:47:26.000Z,"BakanÄ±mÄ±z , Bloomberg HT'nin canlÄ± yayÄ±n konuÄŸu oldu.

AyrÄ±ntÄ±sÄ± http://basin.ktb.gov.tr/TR-365127/bakan-ersoy-bloomberg-ht39nin-canli-yayin-konugu-oldu.htmlâ€¦"
T.C. KÃ¼ltÃ¼r ve Turizm BakanlÄ±ÄŸÄ±,@TCKulturTurizm,2024-02-02T11:27:25.000Z,"Ãœlkemiz edebiyatÄ±nÄ±n ve dÃ¼ÅŸÃ¼nce dÃ¼nyamÄ±zÄ±n Ã¶nemli isimlerinden #AlevAlatlÄ±'ya Allah'tan rahmet, ailesine ve tÃ¼m sevenlerine baÅŸsaÄŸlÄ±ÄŸÄ± diliyoruz.

MekÃ¢nÄ± cennet olsun."
T.C. KÃ¼ltÃ¼r ve Turizm BakanlÄ±ÄŸÄ±,@TCKulturTurizm,2024-02-02T10:52:48.000Z,"ABD ve Ä°ngiltere'den iadesini saÄŸladÄ±ÄŸÄ±mÄ±z 42 tarihÃ® eser Antalya Arkeoloji MÃ¼zesi'nde sergileniyor.

BakanÄ±mÄ±z : ""KÃ¼ltÃ¼r varlÄ±ÄŸÄ± kaÃ§akÃ§Ä±lÄ±ÄŸÄ±nÄ±n Ã¶nlenmesi ve eserlerimizin iadesi Ã§alÄ±ÅŸmalarÄ±mÄ±za hÄ±z kesmeden devam ediyoruz.""

AyrÄ±ntÄ±sÄ± http://basin.ktb.gov.tr/TR-365156/abd-ve-ingiltere39den-iadesi-saglanan-42-tarihi-eser-antalya-arkeoloji-muzesi39nde-sergileniyor.htmlâ€¦"
T.C. KÃ¼ltÃ¼r ve Turizm BakanlÄ±ÄŸÄ±,@TCKulturTurizm,2024-02-02T10:52:48.000Z,"ABD ve Ä°ngiltere'den iadesini saÄŸladÄ±ÄŸÄ±mÄ±z 42 tarihÃ® eser Antalya Arkeoloji MÃ¼zesi'nde sergileniyor.

BakanÄ±mÄ±z : ""KÃ¼ltÃ¼r varlÄ±ÄŸÄ± kaÃ§akÃ§Ä±lÄ±ÄŸÄ±nÄ±n Ã¶nlenmesi ve eserlerimizin iadesi Ã§alÄ±ÅŸmalarÄ±mÄ±za hÄ±z kesmeden devam ediyoruz.""

AyrÄ±ntÄ±sÄ± http://basin.ktb.gov.tr/TR-365156/abd-ve-ingiltere39den-iadesi-saglanan-42-tarihi-eser-antalya-arkeoloji-muzesi39nde-sergileniyor.htmlâ€¦"
T.C. KÃ¼ltÃ¼r ve Turizm BakanlÄ±ÄŸÄ±,@TCKulturTurizm,2024-02-02T07:42:21.000Z,KÃ¼ltÃ¼r varlÄ±ÄŸÄ± kaÃ§akÃ§Ä±lÄ±ÄŸÄ± ile sÃ¼rdÃ¼rdÃ¼ÄŸÃ¼mÃ¼z mÃ¼cadele kapsamÄ±nda #ABDâ€™den ve #Ä°ngiltereâ€™den iadesini saÄŸladÄ±ÄŸÄ±mÄ±z 42 eserimizin tanÄ±tÄ±mÄ±nÄ± Antalya Arkeoloji MÃ¼zemizde gerÃ§ekleÅŸtiriyoruz.
T.C. KÃ¼ltÃ¼r ve Turizm BakanlÄ±ÄŸÄ±,@TCKulturTurizm,2024-02-02T11:27:25.000Z,"Ãœlkemiz edebiyatÄ±nÄ±n ve dÃ¼ÅŸÃ¼nce dÃ¼nyamÄ±zÄ±n Ã¶nemli isimlerinden #AlevAlatlÄ±'ya Allah'tan rahmet, ailesine ve tÃ¼m sevenlerine baÅŸsaÄŸlÄ±ÄŸÄ± diliyoruz.

MekÃ¢nÄ± cennet olsun."
MillÃ® EÄŸitim BakanlÄ±ÄŸÄ±,@tcmeb,2024-02-01T14:29:23.000Z,"Bir maarif elÃ§isiydi BarÄ±ÅŸ ManÃ§o!

Ã‡ocuklarÄ±mÄ±z onun ÅŸarkÄ±larÄ±ndan Ã¶ÄŸrendi bayramlarda erken kalkmayÄ±â€¦
Onun ÅŸarkÄ±larÄ± Ã¶ÄŸÃ¼tledi Ã§ocuklarÄ±mÄ±za okumayÄ±, insanÄ± sevmeyi, cana hÃ¼rmetiâ€¦

â€œDeÄŸerâ€imiz #BarÄ±ÅŸManÃ§oâ€™yu vefat yÄ±l dÃ¶nÃ¼mÃ¼nde rahmet ve Ã¶zlemle anÄ±yoruz."
MillÃ® EÄŸitim BakanlÄ±ÄŸÄ±,@tcmeb,2024-02-01T09:00:12.000Z,â€œ2024 YÄ±lÄ± Ä°lkÃ¶ÄŸretim ve OrtaÃ¶ÄŸretim KurumlarÄ± Bursluluk SÄ±navÄ±â€na (Ä°OKBS) Ä°liÅŸkin SÄ±kÃ§a Sorulan SorularÄ±n CevaplarÄ± YayÄ±mlandÄ± http://meb.ai/UxyOIur
MillÃ® EÄŸitim BakanlÄ±ÄŸÄ±,@tcmeb,2024-01-31T16:43:07.000Z,
MillÃ® EÄŸitim BakanlÄ±ÄŸÄ±,@tcmeb,2024-02-01T14:29:23.000Z,"Bir maarif elÃ§isiydi BarÄ±ÅŸ ManÃ§o!

Ã‡ocuklarÄ±mÄ±z onun ÅŸarkÄ±larÄ±ndan Ã¶ÄŸrendi bayramlarda erken kalkmayÄ±â€¦
Onun ÅŸarkÄ±larÄ± Ã¶ÄŸÃ¼tledi Ã§ocuklarÄ±mÄ±za okumayÄ±, insanÄ± sevmeyi, cana hÃ¼rmetiâ€¦

â€œDeÄŸerâ€imiz #BarÄ±ÅŸManÃ§oâ€™yu vefat yÄ±l dÃ¶nÃ¼mÃ¼nde rahmet ve Ã¶zlemle anÄ±yoruz."
MillÃ® EÄŸitim BakanlÄ±ÄŸÄ±,@tcmeb,2024-01-31T15:55:34.000Z,"MillÃ® EÄŸitim BakanÄ± , Azerbaycanâ€™daki ProgramÄ± KapsamÄ±nda BaÅŸbakan Ali Esedov ile Bir Araya Geldi.

Bakan Tekin ardÄ±ndan BakÃ¼ Bilim Merkezi, BakÃ¼ UluslararasÄ± Maarif Okulu ve BakÃ¼ TÃ¼rk Anadolu Lisesini ziyaret etti.http://meb.ai/UoCEhpg"
MillÃ® EÄŸitim BakanlÄ±ÄŸÄ±,@tcmeb,2024-01-31T09:50:03.000Z,
MillÃ® EÄŸitim BakanlÄ±ÄŸÄ±,@tcmeb,2024-01-31T08:41:34.000Z,"MillÃ® EÄŸitim BakanÄ± , ResmÃ® Temaslarda Bulunmak Ãœzere BulunduÄŸu BakÃ¼'de, Azerbaycan'Ä±n bir Ã–nceki CumhurbaÅŸkanÄ± Haydar Aliyev'in Kabri ile TÃ¼rk ve Azerbaycan Åehitliklerini Ziyaret Ettihttp://meb.ai/Uv3JCBG"
MillÃ® EÄŸitim BakanlÄ±ÄŸÄ±,@tcmeb,2024-01-31T08:35:43.000Z,MillÃ® EÄŸitim BakanlÄ±ÄŸÄ± â€œ2024-2028 Stratejik PlanÄ±â€ YayÄ±mlandÄ±http://meb.ai/l0OuAh
MillÃ® EÄŸitim BakanlÄ±ÄŸÄ±,@tcmeb,2024-01-31T07:00:30.000Z,
MillÃ® EÄŸitim BakanlÄ±ÄŸÄ±,@tcmeb,2024-01-30T18:56:36.000Z,"MillÃ® EÄŸitim BakanÄ± , TÃ¼rkiye'nin BakÃ¼ BÃ¼yÃ¼kelÃ§iliÄŸini Ziyaret EttiAzerbaycan http://meb.ai/UuU2K6T"
Sanayi ve Teknoloji BakanlÄ±ÄŸÄ±,@TCSanayi,2024-02-02T14:22:25.000Z," TÃ¼rkiye'nin ilk astronotu Alper GezeravcÄ±  iÃ§in UluslararasÄ± Uzay Ä°stasyonu'nda bugÃ¼n gerÃ§ekleÅŸtirilecek veda tÃ¶reni; 
 
YouTube hesabÄ±mÄ±zda canlÄ± olarak izlenebilecek.  
  17.50 
  CanlÄ± izlemek iÃ§in:  http://youtube.com/@TCSanayi"
Sanayi ve Teknoloji BakanlÄ±ÄŸÄ±,@TCSanayi,2024-02-02T07:54:11.000Z,"BakanÄ±mÄ±z SayÄ±n , Su VerimliliÄŸi SeferberliÄŸi: Sanayi - Su BuluÅŸmasÄ± programÄ±nda konuÅŸuyor.  
 Kocaeli Kongre Merkezi 
  #CanlÄ±YayÄ±n"
Sanayi ve Teknoloji BakanlÄ±ÄŸÄ±,@TCSanayi,2024-02-02T07:04:58.000Z,"TÃ¼rkiyeâ€™nin ilk Astronotu , Hatay Nuri Ãœysen Ortaokuluâ€™nda deprem bÃ¶lgesinde eÄŸitimlerini sÃ¼rdÃ¼ren Ã¶ÄŸrencilerimizin sorularÄ±nÄ± yanÄ±tladÄ±."
Sanayi ve Teknoloji BakanlÄ±ÄŸÄ±,@TCSanayi,2024-02-02T07:54:11.000Z,"BakanÄ±mÄ±z SayÄ±n , Su VerimliliÄŸi SeferberliÄŸi: Sanayi - Su BuluÅŸmasÄ± programÄ±nda konuÅŸuyor.  
 Kocaeli Kongre Merkezi 
  #CanlÄ±YayÄ±n"
Sanayi ve Teknoloji BakanlÄ±ÄŸÄ±,@TCSanayi,2024-02-02T07:54:11.000Z,"BakanÄ±mÄ±z SayÄ±n , Su VerimliliÄŸi SeferberliÄŸi: Sanayi - Su BuluÅŸmasÄ± programÄ±nda konuÅŸuyor.  
 Kocaeli Kongre Merkezi 
  #CanlÄ±YayÄ±n"
T.C. MillÃ® Savunma BakanlÄ±ÄŸÄ±,@tcsavunma,2024-02-02T14:41:21.000Z,
T.C. MillÃ® Savunma BakanlÄ±ÄŸÄ±,@tcsavunma,2024-02-02T13:26:25.000Z,
T.C. MillÃ® Savunma BakanlÄ±ÄŸÄ±,@tcsavunma,2024-02-02T12:34:39.000Z,
T.C. MillÃ® Savunma BakanlÄ±ÄŸÄ±,@tcsavunma,2024-02-02T10:42:56.000Z,"Azerbaycan SilahlÄ± Kuvvetlerinde gÃ¶revli Generaller, Azerbaycanâ€™Ä±n merhum CumhurbaÅŸkanÄ± Haydar Aliyevâ€™in aziz hatÄ±rasÄ± iÃ§in Ankaraâ€™da bulunan Haydar Aliyev ParkÄ±â€™nÄ± ziyaret etti. Generaller, Aliyev AnÄ±tÄ±â€™nda saygÄ± duruÅŸunda bulundu.#MillÃ®SavunmaBakanlÄ±ÄŸÄ±"
T.C. MillÃ® Savunma BakanlÄ±ÄŸÄ±,@tcsavunma,2024-02-02T07:45:16.000Z,
T.C. MillÃ® Savunma BakanlÄ±ÄŸÄ±,@tcsavunma,2024-02-01T16:58:45.000Z,"Azerbaycan SilahlÄ± Kuvvetlerinde gÃ¶revli Generaller, Cumhuriyetimizin kurucusu Gazi Mustafa Kemal AtatÃ¼rkâ€™Ã¼n ebedÃ® istirahatgÃ¢hÄ± olan AnÄ±tkabirâ€™i ziyaret etti. #MillÃ®SavunmaBakanlÄ±ÄŸÄ±"
T.C. MillÃ® Savunma BakanlÄ±ÄŸÄ±,@tcsavunma,2024-02-01T14:44:09.000Z,Tarihte TÃ¼rk ordusu... #MillÃ®SavunmaBakanlÄ±ÄŸÄ± #tbt
T.C. MillÃ® Savunma BakanlÄ±ÄŸÄ±,@tcsavunma,2024-02-01T12:15:44.000Z,"Yer: IÄŸdÄ±r
Parola: â€œGÃ¶rÃ¼lmeden gÃ¶r!â€ 
Felsefe: â€œTek atÄ±ÅŸ, tek vuruÅŸ!â€ 

5â€™inci Hudut Tugay KomutanlÄ±ÄŸÄ± tarafÄ±ndan icra edilen â€œKeskin NiÅŸancÄ± EÄŸitimiâ€nden kareler...#MillÃ®SavunmaBakanlÄ±ÄŸÄ±"
T.C. MillÃ® Savunma BakanlÄ±ÄŸÄ±,@tcsavunma,2024-02-01T09:15:14.000Z,
T.C. MillÃ® Savunma BakanlÄ±ÄŸÄ±,@tcsavunma,2024-02-01T07:22:08.000Z,Åubat/Mart ve Nisan 2024 dÃ¶neminde silahaltÄ±na alÄ±nacak yedek subay/astsubay adaylarÄ± ile erlerin sÄ±nÄ±flandÄ±rma sonuÃ§larÄ± aÃ§Ä±klanmÄ±ÅŸtÄ±r. SonuÃ§larÄ± e-Devlet ve askerlik ÅŸubelerinden Ã¶ÄŸrenebilirsiniz.#MillÃ®SavunmaBakanlÄ±ÄŸÄ±
T.C. MillÃ® Savunma BakanlÄ±ÄŸÄ±,@tcsavunma,2024-01-31T14:54:09.000Z,"MillÃ® Savunma BakanÄ± YaÅŸar GÃ¼ler, Ankaraâ€™ya ziyaret gerÃ§ekleÅŸtiren Azerbaycan SilahlÄ± Kuvvetlerinde gÃ¶revli Generalleri kabul etti.#MillÃ®SavunmaBakanlÄ±ÄŸÄ± #YaÅŸarGÃ¼ler"
T.C. MillÃ® Savunma BakanlÄ±ÄŸÄ±,@tcsavunma,2024-01-31T13:59:23.000Z,
T.C. TarÄ±m ve Orman BakanlÄ±ÄŸÄ±,@TCTarim,2024-02-02T13:05:07.000Z,"Tunceliâ€™de yaban keÃ§isi avlayan ÅŸahÄ±slar  fotokapanÄ±na yakalandÄ±.

DKMP ve jandarma ekiplerinin koordineli Ã§alÄ±ÅŸmasÄ± sonucunda kimlikleri tespit edilen ÅŸahÄ±slara toplam 345 bin 988 TL para cezasÄ± uygulandÄ±.

Yasa dÄ±ÅŸÄ± avcÄ±lÄ±kla mÃ¼cadelemiz kararlÄ±lÄ±kla devam edecek."
T.C. DÄ±ÅŸiÅŸleri BakanlÄ±ÄŸÄ±,@TC_Disisleri,2024-02-02T08:17:12.000Z,"Bakan YardÄ±mcÄ±mÄ±z BÃ¼yÃ¼kelÃ§i Ahmet YÄ±ldÄ±z, LÃ¼bnan DÄ±ÅŸiÅŸleri ve GÃ¶Ã§menler BakanlÄ±ÄŸÄ± Genel Sekreteri Hani Chemaitellyâ€™yle biraraya gelmiÅŸtir. 

GÃ¶rÃ¼ÅŸmede bÃ¶lgesel geliÅŸmeler ve LÃ¼bnanâ€™la ikili iliÅŸkilerimiz ele alÄ±nmÄ±ÅŸtÄ±r."
T.C. DÄ±ÅŸiÅŸleri BakanlÄ±ÄŸÄ±,@TC_Disisleri,2024-02-01T16:06:46.000Z,
T.C. DÄ±ÅŸiÅŸleri BakanlÄ±ÄŸÄ±,@TC_Disisleri,2024-02-02T08:17:12.000Z,"Bakan YardÄ±mcÄ±mÄ±z BÃ¼yÃ¼kelÃ§i Ahmet YÄ±ldÄ±z, LÃ¼bnan DÄ±ÅŸiÅŸleri ve GÃ¶Ã§menler BakanlÄ±ÄŸÄ± Genel Sekreteri Hani Chemaitellyâ€™yle biraraya gelmiÅŸtir. 

GÃ¶rÃ¼ÅŸmede bÃ¶lgesel geliÅŸmeler ve LÃ¼bnanâ€™la ikili iliÅŸkilerimiz ele alÄ±nmÄ±ÅŸtÄ±r."
T.C. DÄ±ÅŸiÅŸleri BakanlÄ±ÄŸÄ±,@TC_Disisleri,2024-02-01T11:50:22.000Z,"BakanÄ±mÄ±z , BakanlÄ±ÄŸÄ±mÄ±za baÄŸlÄ± AB BaÅŸkanlÄ±ÄŸÄ±nda YÃ¼ksekÃ¶ÄŸretim Kurulu BaÅŸkanÄ± Prof. Dr. Erol Ã–zvarâ€™Ä± aÄŸÄ±rladÄ±."
T.C. DÄ±ÅŸiÅŸleri BakanlÄ±ÄŸÄ±,@TC_Disisleri,2024-02-01T09:17:21.000Z,BakanÄ±mÄ±z 'Ä±n Romanya Ziyareti 
T.C. DÄ±ÅŸiÅŸleri BakanlÄ±ÄŸÄ±,@TC_Disisleri,2024-01-31T20:24:22.000Z,
T.C. DÄ±ÅŸiÅŸleri BakanlÄ±ÄŸÄ±,@TC_Disisleri,2024-01-31T17:04:50.000Z,
T.C. DÄ±ÅŸiÅŸleri BakanlÄ±ÄŸÄ±,@TC_Disisleri,2024-01-31T16:54:29.000Z,"BakanÄ±mÄ±z , Romanya BaÅŸbakanÄ± Marcel Ciolacu tarafÄ±ndan kabul edildi. "
T.C. DÄ±ÅŸiÅŸleri BakanlÄ±ÄŸÄ±,@TC_Disisleri,2024-01-31T15:33:37.000Z,"Bakan YardÄ±mcÄ±mÄ±z Yasin Ekrem Serim, TBMM DÄ±ÅŸiÅŸleri Komisyonu gÃ¼ndeminde yer alan 14 UluslararasÄ± AnlaÅŸma hakkÄ±nda Komisyon Ãœyesi Milletvekillerine bilgi sunmuÅŸtur."
T.C. Ä°Ã§iÅŸleri BakanlÄ±ÄŸÄ±,@TC_icisleri,2024-02-02T10:55:29.000Z,
T.C. Ä°Ã§iÅŸleri BakanlÄ±ÄŸÄ±,@TC_icisleri,2024-02-01T16:42:32.000Z,
T.C. Ä°Ã§iÅŸleri BakanlÄ±ÄŸÄ±,@TC_icisleri,2024-02-01T13:52:29.000Z,"O;
TÃ¼rk mÃ¼zik dÃ¼nyasÄ±nÄ±n unutulmaz ismi, Anadolu irfanÄ±yla yoÄŸrulmuÅŸ bir modern zamanlar ozanÄ±ydÄ±.
Nice Ã¶lÃ¼msÃ¼z eserlerin sahibi, 
sadece â€œAdam Olacak Ã‡ocuklarâ€Ä±n deÄŸil;
â€œ7'den 77'yeâ€ herkesin â€˜BarÄ±ÅŸ Abisiâ€™ydi.#BarÄ±ÅŸManÃ§o'yu vefatÄ±nÄ±n 25. yÄ±lÄ±nda rahmetle ve saygÄ±yla anÄ±yoruz."
T.C. Ticaret BakanlÄ±ÄŸÄ±,@ticaret,2024-02-01T16:00:21.000Z,"Ticaret BakanlÄ±ÄŸÄ± GÃ¼mrÃ¼k Muhafaza ekiplerince, Ankaraâ€™da bir depoya dÃ¼zenlenen operasyonda 3 milyon 244 bin TÃ¼rk LirasÄ± deÄŸerinde makaron ele geÃ§irildi.

Olayla ilgili soruÅŸturma Ankara Cumhuriyet BaÅŸsavcÄ±lÄ±ÄŸÄ± nezdinde devam ederken, 1 kiÅŸi tutuklanarak cezaevine sevk edildi."
T.C. Ticaret BakanlÄ±ÄŸÄ±,@ticaret,2024-02-01T08:02:09.000Z,Dijital hizmetlerimize bir yenisini daha ekledik!
T.C. UlaÅŸtÄ±rma ve AltyapÄ± BakanlÄ±ÄŸÄ±,@UABakanligi,2024-02-02T10:54:08.000Z,"BakanÄ±mÄ±z SayÄ±n , Irak UlaÅŸtÄ±rma BakanÄ± SayÄ±n Rezzak Muheybes es-Sadavi ve beraberindeki heyeti bakanlÄ±ÄŸÄ±mÄ±zda misafir etti. 

GÃ¶rÃ¼ÅŸmede, KalkÄ±nma Yolu Projesi ve Ã¼lkelerarasÄ± iÅŸ birliÄŸi imkanlarÄ± ele alÄ±ndÄ±.#TÃ¼rkiyeHÄ±zlanÄ±yor "
T.C. UlaÅŸtÄ±rma ve AltyapÄ± BakanlÄ±ÄŸÄ±,@UABakanligi,2024-02-02T07:05:32.000Z,"Afyonkarahisar'Ä±n merkeziyle Åuhut ilÃ§esini buluÅŸturan, ""Afyonkarahisar - Åuhut Yolu"" 1 yÄ±ldÄ±r vatandaÅŸÄ±mÄ±zÄ±n hizmetinde! Proje sayesinde seyahat sÃ¼resi, 27 dakikadan 12 dakikaya indi.22 km'lik gÃ¼zergÃ¢h ile gÃ¼venli ve konforlu ulaÅŸÄ±m tesis ettik.#TÃ¼rkiyeHÄ±zlanÄ±yor "
T.C. UlaÅŸtÄ±rma ve AltyapÄ± BakanlÄ±ÄŸÄ±,@UABakanligi,2024-02-01T15:16:34.000Z,"BakanÄ±mÄ±z Sn. , Sanayi ve Teknoloji BakanÄ± Sn. Mehmet Fatih KacÄ±râ€™Ä± bakanlÄ±ÄŸÄ±mÄ±zda misafir etti. #TÃ¼rkiyeHÄ±zlanÄ±yor "
T.C. UlaÅŸtÄ±rma ve AltyapÄ± BakanlÄ±ÄŸÄ±,@UABakanligi,2024-02-02T10:54:08.000Z,"BakanÄ±mÄ±z SayÄ±n , Irak UlaÅŸtÄ±rma BakanÄ± SayÄ±n Rezzak Muheybes es-Sadavi ve beraberindeki heyeti bakanlÄ±ÄŸÄ±mÄ±zda misafir etti. 

GÃ¶rÃ¼ÅŸmede, KalkÄ±nma Yolu Projesi ve Ã¼lkelerarasÄ± iÅŸ birliÄŸi imkanlarÄ± ele alÄ±ndÄ±.#TÃ¼rkiyeHÄ±zlanÄ±yor "
T.C. UlaÅŸtÄ±rma ve AltyapÄ± BakanlÄ±ÄŸÄ±,@UABakanligi,2024-01-31T13:25:38.000Z,"Ä°stanbul 

BakanÄ±mÄ±z Sn. , Ticaret BakanÄ± Sn. Ã–mer Bolat ile birlikte ""Ukraynaâ€™nÄ±n Yeniden Ä°nÅŸasÄ± Forumu""na iÅŸtirak etti. 

TÃ¼rkiye'nin dost Ã¼lke Ukrayna'nÄ±n yeniden inÅŸasÄ±nda Ã¼stleneceÄŸi rol tÃ¼m boyutlarÄ±yla deÄŸerlendirildi."
T.C. UlaÅŸtÄ±rma ve AltyapÄ± BakanlÄ±ÄŸÄ±,@UABakanligi,2024-02-02T10:54:08.000Z,"BakanÄ±mÄ±z SayÄ±n , Irak UlaÅŸtÄ±rma BakanÄ± SayÄ±n Rezzak Muheybes es-Sadavi ve beraberindeki heyeti bakanlÄ±ÄŸÄ±mÄ±zda misafir etti. 

GÃ¶rÃ¼ÅŸmede, KalkÄ±nma Yolu Projesi ve Ã¼lkelerarasÄ± iÅŸ birliÄŸi imkanlarÄ± ele alÄ±ndÄ±.#TÃ¼rkiyeHÄ±zlanÄ±yor "
T.C. UlaÅŸtÄ±rma ve AltyapÄ± BakanlÄ±ÄŸÄ±,@UABakanligi,2024-02-02T07:05:32.000Z,"Afyonkarahisar'Ä±n merkeziyle Åuhut ilÃ§esini buluÅŸturan, ""Afyonkarahisar - Åuhut Yolu"" 1 yÄ±ldÄ±r vatandaÅŸÄ±mÄ±zÄ±n hizmetinde! Proje sayesinde seyahat sÃ¼resi, 27 dakikadan 12 dakikaya indi.22 km'lik gÃ¼zergÃ¢h ile gÃ¼venli ve konforlu ulaÅŸÄ±m tesis ettik.#TÃ¼rkiyeHÄ±zlanÄ±yor "
YÄ±lmaz TUNÃ‡,@yilmaztunc,2024-02-02T13:57:32.000Z,"Riyad BÃ¼yÃ¼kelÃ§isi olarak atanan eski BaÅŸbakan YardÄ±mcÄ±mÄ±z ve 27. DÃ¶nem Ankara Milletvekilimiz SayÄ±n Emrullah Ä°ÅŸlerâ€™i, BakanlÄ±ÄŸÄ±mÄ±zda konuk ettik.

Nazik ziyareti iÃ§in teÅŸekkÃ¼r ediyorum."
YÄ±lmaz TUNÃ‡,@yilmaztunc,2024-02-02T11:22:16.000Z,"KÃ¼ltÃ¼r, sanat ve edebiyat dÃ¼nyamÄ±zÄ±n Ã¶nemli isimlerinden CumhurbaÅŸkanlÄ±ÄŸÄ± KÃ¼ltÃ¼r ve Sanat BÃ¼yÃ¼k Ã–dÃ¼lÃ¼ sahibi, yazar ve eÄŸitimci Alev AlatlÄ±â€™ya Allahâ€™tan rahmet, ailesine ve yakÄ±nlarÄ±na baÅŸsaÄŸlÄ±ÄŸÄ± diliyorum.

MekanÄ± cennet olsun."
YÄ±lmaz TUNÃ‡,@yilmaztunc,2024-02-02T11:06:31.000Z,
YÄ±lmaz TUNÃ‡,@yilmaztunc,2024-02-01T21:57:28.000Z,
YÄ±lmaz TUNÃ‡,@yilmaztunc,2024-02-01T20:53:50.000Z,
YÄ±lmaz TUNÃ‡,@yilmaztunc,2024-02-01T20:21:13.000Z,
YÄ±lmaz TUNÃ‡,@yilmaztunc,2024-02-01T17:32:32.000Z,
YÄ±lmaz TUNÃ‡,@yilmaztunc,2024-02-01T16:12:23.000Z,
YÄ±lmaz TUNÃ‡,@yilmaztunc,2024-02-01T15:20:42.000Z,
YÄ±lmaz TUNÃ‡,@yilmaztunc,2024-02-01T14:13:17.000Z,"CumhurbaÅŸkanÄ±mÄ±z SayÄ±n Recep Tayyip ErdoÄŸanâ€™Ä±n teÅŸrifleriyle gerÃ§ekleÅŸtirilen Diyanet Akademisi BaÅŸkanlÄ±ÄŸÄ± 1'inci DÃ¶nem Aday Din GÃ¶revlileri Mezuniyet Merasimiâ€™ne katÄ±ldÄ±k.

Mezun olan kardeÅŸlerimizi tebrik ediyor, gÃ¶revlerinde baÅŸarÄ±lar diliyorum."
YÄ±lmaz TUNÃ‡,@yilmaztunc,2024-02-01T11:49:14.000Z,
Yusuf Tekin,@Yusuf__Tekin,2024-02-02T11:57:54.000Z,"Bir bÃ¼yÃ¼ÄŸÃ¼mÃ¼zÃ¼, ablamÄ±zÄ± kaybettik.

80 yÄ±llÄ±k yaÅŸamÄ±na sÄ±ÄŸdÄ±rdÄ±ÄŸÄ± birÃ§ok eseriyle fikir dÃ¼nyamÄ±zÄ± derinden etkileyen; ait olduÄŸu aziz milletini, topraÄŸÄ±nÄ± ve medeniyetini ilerilere taÅŸÄ±ma gayreti ve mÃ¼nevver ÅŸahsiyetiyle Ã§alÄ±ÅŸmalarÄ±nÄ± sÃ¼rdÃ¼ren Alev AlatlÄ± ablamÄ±zÄ±n vefat haberini bÃ¼yÃ¼k bir teessÃ¼rle Ã¶ÄŸrendim.

Alev AlatlÄ±â€™ya yÃ¼ce Allahâ€™tan rahmet, ailesine ve yakÄ±nlarÄ±na baÅŸsaÄŸlÄ±ÄŸÄ± diliyorum.

MekÃ¢nÄ± cennet olsun inÅŸallah."
Yusuf Tekin,@Yusuf__Tekin,2024-02-02T06:20:55.000Z,
Yusuf Tekin,@Yusuf__Tekin,2024-01-31T17:20:37.000Z,
Yusuf Tekin,@Yusuf__Tekin,2024-01-31T13:59:15.000Z,
Yusuf Tekin,@Yusuf__Tekin,2024-01-31T12:19:34.000Z,
Yusuf Tekin,@Yusuf__Tekin,2024-01-31T09:26:05.000Z,
Yusuf Tekin,@Yusuf__Tekin,2024-01-31T08:21:52.000Z,
Yusuf Tekin,@Yusuf__Tekin,2024-01-31T07:16:12.000Z,
Yusuf Tekin,@Yusuf__Tekin,2024-01-30T18:19:04.000Z,
Cevdet YÄ±lmaz,@_cevdetyilmaz,2024-02-02T11:41:04.000Z,
Cevdet YÄ±lmaz,@_cevdetyilmaz,2024-02-02T09:10:01.000Z,
Cevdet YÄ±lmaz,@_cevdetyilmaz,2024-01-30T20:58:30.000Z,"KKTCâ€™de GazimaÄŸusa, Ä°skele ve Girne bÃ¶lgelerinde etkili olan yaÄŸÄ±ÅŸ nedeniyle meydana gelen sel felaketinden etkilenen tÃ¼m kardeÅŸlerimize geÃ§miÅŸ olsun dileklerimi iletiyorum. TÃ¼m imkanlarÄ±mÄ±zla KKTCâ€™li kardeÅŸlerimizin yanÄ±ndayÄ±z. 

Rabbim hepimizi her tÃ¼rlÃ¼ afetten korusun."
Cevdet YÄ±lmaz,@_cevdetyilmaz,2024-01-30T17:34:53.000Z,#CanlÄ±YayÄ±n  ekranlarÄ±nda gÃ¼ndeme dair sorularÄ± cevaplÄ±yoruz.
Cevdet YÄ±lmaz,@_cevdetyilmaz,2024-01-30T11:23:07.000Z,
Cevdet YÄ±lmaz,@_cevdetyilmaz,2024-02-02T11:41:04.000Z,
